INSERT INTO public.category (id, name) VALUES ('49ab3206-c659-11ed-afa1-0242ac120002', 'Fashion');
INSERT INTO public.category (id, name) VALUES ('49ab35a8-c659-11ed-afa1-0242ac120002', 'Accessories');
INSERT INTO public.category (id, name) VALUES ('49ab3724-c659-11ed-afa1-0242ac120002', 'Jewelry');
INSERT INTO public.category (id, name) VALUES ('49ab3850-c659-11ed-afa1-0242ac120002', 'Shoes');
INSERT INTO public.category (id, name) VALUES ('49ab397c-c659-11ed-afa1-0242ac120002', 'Sportswear');
INSERT INTO public.category (id, name) VALUES ('49ab3aa8-c659-11ed-afa1-0242ac120002', 'Home');
INSERT INTO public.category (id, name) VALUES ('49ab3ec2-c659-11ed-afa1-0242ac120002', 'Electronics');
INSERT INTO public.category (id, name) VALUES ('49ab3fee-c659-11ed-afa1-0242ac120002', 'Mobile');
INSERT INTO public.category (id, name) VALUES ('49ab419c-c659-11ed-afa1-0242ac120002', 'Computer');

INSERT INTO public.item (id, description, end_date, name, start_date, start_price, category_id, subcategory_id) VALUES ('49ab4444-c659-11ed-afa1-0242ac120002', 'Lorem ipsum dolor sit amet, consectetur adipiscing elit, sed do eiusmod tempor incididunt ut labore et dolore magna aliqua. Magnis dis parturient montes nascetur ridiculus mus mauris vitae ultricies. ', '2023-05-05 00:00:00', 'Running Shoes', '2023-02-02 00:00:00', 59, '49ab3850-c659-11ed-afa1-0242ac120002', NULL);
INSERT INTO public.item (id, description, end_date, name, start_date, start_price, category_id, subcategory_id) VALUES ('49ab52b8-c659-11ed-afa1-0242ac120002', 'Lorem ipsum dolor sit amet, consectetur adipiscing elit, sed do eiusmod tempor incididunt ut labore et dolore magna aliqua. Nulla pellentesque dignissim enim sit amet venenatis. Vitae ultricies leo integer malesuada nunc vel risus commodo.', '2023-03-31 00:00:00', 'Shirt', '2023-03-15 00:00:00', 18, '49ab3206-c659-11ed-afa1-0242ac120002', NULL);
INSERT INTO public.item (id, description, end_date, name, start_date, start_price, category_id, subcategory_id) VALUES ('cb8f54de-c814-11ed-afa1-0242ac120002', 'Lorem ipsum dolor sit amet, consectetur adipiscing elit, sed do eiusmod tempor incididunt ut labore et dolore magna aliqua. ', '2023-04-30 00:00:00', 'Pants', '2023-03-20 00:00:00', 27, '49ab3206-c659-11ed-afa1-0242ac120002', NULL);
INSERT INTO public.item (id, description, end_date, name, start_date, start_price, category_id, subcategory_id) VALUES ('cb8f51f0-c814-11ed-afa1-0242ac120002', 'Lorem ipsum dolor sit amet, consectetur adipiscing elit, sed do eiusmod tempor incididunt ut labore et dolore magna aliqua. Nulla pellentesque dignissim enim sit amet venenatis. Vitae ultricies leo integer malesuada nunc vel risus commodo.', '2023-05-23 00:00:00', 'Butterfly Jewelry', '2023-01-29 00:00:00', 78, '49ab3724-c659-11ed-afa1-0242ac120002', NULL);
INSERT INTO public.item (id, description, end_date, name, start_date, start_price, category_id, subcategory_id) VALUES ('cb8f4f02-c814-11ed-afa1-0242ac120002', 'Lorem ipsum dolor sit amet, consectetur adipiscing elit, sed do eiusmod tempor incididunt ut labore et dolore magna aliqua. Nulla pellentesque dignissim enim sit amet venenatis. Vitae ultricies leo integer malesuada nunc vel risus commodo.', '2023-05-22 00:00:00', 'Leggings ', '2023-01-23 00:00:00', 33, '49ab397c-c659-11ed-afa1-0242ac120002', NULL);

INSERT INTO public.image (id, url, item_id) VALUES ('49ab5178-c659-11ed-afa1-0242ac120002', 'https://www.seekpng.com/png/full/252-2523372_women-running-shoes-png-image-running-shoe.png', '49ab4444-c659-11ed-afa1-0242ac120002');
INSERT INTO public.image (id, url, item_id) VALUES ('49ab5718-c659-11ed-afa1-0242ac120002', 'https://i.pinimg.com/originals/42/6c/8f/426c8fc07a9577467c58c5bebcd5ed13.png', '49ab52b8-c659-11ed-afa1-0242ac120002');
INSERT INTO public.image (id, url, item_id) VALUES ('cb8f5376-c814-11ed-afa1-0242ac120002', 'https://cdn11.bigcommerce.com/s-c7qlm8a06j/images/stencil/1280x1280/products/2932/29365/90s-aesthetic-vintage-solid-green-pants-cosmique-studio__25119.1643985553.1280.1280__59664.1668082282.png?c=1?imbypass=on', 'cb8f54de-c814-11ed-afa1-0242ac120002');
INSERT INTO public.image (id, url, item_id) VALUES ('cb8f5088-c814-11ed-afa1-0242ac120002', 'https://i.pinimg.com/originals/fb/e3/f5/fbe3f5552f8bca53ce13435d232e56da.png', 'cb8f51f0-c814-11ed-afa1-0242ac120002');
INSERT INTO public.image (id, url, item_id) VALUES ('cb8f4bba-c814-11ed-afa1-0242ac120002', 'https://www.etonline.com/sites/default/files/images/2022-09/Screen%20Shot%202022-09-23%20at%2010.36.35%20AM.png', 'cb8f4f02-c814-11ed-afa1-0242ac120002');
